cellid,order,order_within_phase
SCG0089_CTTATGTTCCCGCCTA-1,28.247495502300072,5.70183288990892
SCG0093_AGAACCGCACAGCCAT-1,29.463210098850904,5.74641587792466
SCG0090_CCAGGATGTGCTCACC-1,26.764055484159474,7.665137394817996
SCG0089_TACCTTTAGCACTTGG-1,26.287423328615663,5.980065661088814
SCG0092_TGATCAGGTTTGAGGC-1,29.15162268036506,5.801469500316207
SCG0088_CGAGGAAGTAGTAAGA-1,24.778770558830928,6.481344047423882
SCG0093_GTTACTCGTGGTTATG-1,26.73290575010409,6.101063321133652
SCG0093_AGACTATGTAGACAAA-1,28.00501724217496,6.275158735874124
SCG0090_TTTGGCTGTCCTAAGA-1,28.637227262824073,5.68613307466984
SCG0093_GGATGAATCACGTTAA-1,24.9189107269,6.229587302001955
SCG0093_GGTGTTGTCGGTAACT-1,27.901545729772895,6.251154528357601
SCG0088_TAGGGTTTCTGTTCAT-1,28.76317311222378,6.550009750369062
SCG0089_TTGCTTTAGGAGCACG-1,26.13447635278425,6.510673638407261
SCG0092_CATTTGTTCAAAGGCA-1,29.206797626903313,5.5520317527450445
SCG0092_ACTTGAATCTCGCCTG-1,26.283599607970746,5.892540293266829
SCG0093_TGAGGCACAGCCTAAC-1,27.741289607824445,6.971433219622189
SCG0092_GCCAACATCCTTCTAG-1,28.650860907560883,5.848959478419272
SCG0093_GCTGACCAGACAACAG-1,29.421408934146346,5.633708062809656
SCG0089_ATTCATGAGTCATGCG-1,26.390396628620092,5.722408527201215
SCG0089_GTATTGATCAGGAAGC-1,28.080763523942785,5.96327802913388
SCG0092_ACTAACTCATGAGTTT-1,29.08242704400747,6.2486888607571345
SCG0089_ATTACCCGTTTAGCTC-1,28.409338089774824,6.197908794093552
SCG0091_GTATTGATCCAACTGG-1,25.4443765225692,6.22398445356819
SCG0092_CGAAATGAGTCCTTCA-1,27.987111372372322,5.991350190821251
SCG0091_TCGCGCACACAATGTT-1,28.42793086102381,5.785453235143919
SCG0089_TCAAGAACATAGACTT-1,30.0966714116473,5.692763752457002
SCG0093_CAAGTTATCTGTTGCC-1,28.19085527356915,6.200218767501752
SCG0092_AGCAACAAGTTTGAGC-1,24.531293899197305,6.243807599791237
SCG0089_GCAACAGCAAGGTCCT-1,28.951967193348683,5.869460811884132
SCG0090_ACATTGCAGGCATTAC-1,28.885731221020393,5.596148301038445
SCG0089_TTGTAAGTCAATCTCT-1,29.028589290498843,5.382930235054862
SCG0093_GTCTATGCATGGCCCA-1,26.644318856994424,6.162825906063229
SCG0092_TCTACTAGTAAAGCAA-1,29.040219277000165,5.915304148176387
SCG0093_AGTAAGTAGTGATTCA-1,28.531260211077022,6.1830617800698695
SCG0089_GTTCGCTTCCGGGACT-1,28.295377846867545,5.836277284657611
SCG0088_GATCCGTCAATTAACC-1,28.95464082253822,5.8177961511806995
SCG0089_TGAGTGAAGAATGACG-1,30.017751064965235,5.7906720890848264
SCG0092_CATTGCGAGGCCGGAA-1,27.81923355321989,5.841876151832067
SCG0093_AGCGGATAGTATTGCA-1,27.481171594899166,5.446742116383282
SCG0093_AAGGCCCTCCCGAACA-1,25.61103616436321,6.242456261591568
SCG0092_CATAGACTCCTTAGGG-1,27.2990780124164,6.023160264356534
SCG0092_ATCCACCTCGCTATAA-1,27.235914025464893,6.2099528276673714
SCG0089_ACATTGCAGAGAGGCT-1,29.953143990299786,7.018930356036348
SCG0092_CCAGCCTGTCCAAGAC-1,28.939702311446236,5.420327273753992
SCG0093_AGCAATACATTAGCGC-1,28.82174530242204,6.234608181157846
SCG0089_GTAAAGCCAATTAACC-1,28.536835670796716,6.221486176679212
SCG0088_TACGTTAAGGAGCAAC-1,29.238758755457805,5.7819979675622495
SCG0093_ACCTAAGGTACCGGAT-1,28.73809030549872,6.336595721919477
SCG0089_GACTAATGTTCCGGCT-1,28.63686771726819,5.724883911539133
SCG0093_AGATGAAGTACCCACC-1,28.653558022050323,6.251817371246837
SCG0088_GTTCACCTCCGGTTAG-1,28.247387443957102,6.080477747053242
SCG0091_CGGTTCCGTTTAGTCC-1,27.876152039987883,5.749363865392581
SCG0092_TCAGTGAGTTTACGTC-1,25.847883595681047,6.1159376491556685
SCG0093_CCACACAAGCGAAGTA-1,26.414062415756895,6.375539092489599
SCG0091_GGTAATTGTAACCACA-1,24.12313100798564,6.10396233679823
SCG0093_GTCTTTGTCACGTTAA-1,26.3305748194636,6.578079021906207
SCG0092_AAACGCGCATGAATAG-1,28.029949970421377,6.651266113609043
SCG0093_TGTTCCTCAAAGCGGC-1,27.366091231933037,6.097992467795253
SCG0090_ACCAGGCTCATAACCA-1,27.85796027695929,6.173198385838597
SCG0093_TTCAGGTAGGCGAAAC-1,29.059457975307282,5.453936023163493
SCG0091_ATCAGGTTCACCATTT-1,30.06121083841,5.555615392741923
SCG0091_GCCTTAGAGAATGACG-1,28.45562627257431,6.201207654942982
SCG0090_GGTAGGAGTTGAAGCC-1,29.06376896666236,6.046289852826192
SCG0093_GTTCATTTCGAGGTGG-1,27.179082683503395,5.6950491374213
SCG0090_GAAAGGCTCATGGTTA-1,29.020963694018324,5.568477835390423
SCG0093_TCCATATTCAGGGCCT-1,28.257814443058262,5.47851032838782
SCG0092_CCTCCTGAGTCCTTCA-1,28.19019074173019,5.792723954465788
SCG0090_GTTTCAGCATGACTAT-1,30.297639392244683,6.681889657544334
SCG0089_CTCATTTAGGAACCAA-1,25.897600619147898,6.14639833262584
SCG0091_GCAAGCCTCACGCCAA-1,28.531587234687795,6.17792747634832
SCG0092_ACCAAGTTCGTACCGA-1,26.617005955345064,6.125475290460714
SCG0091_CGCACCACATGGAGGC-1,29.151063078131042,5.9227926702421145
SCG0092_GGAACCTGTGTGCACG-1,26.37668585250876,6.1843217933484285
SCG0088_GGACGGATCTCAATGA-1,28.790593607133392,5.632503365470539
SCG0093_GGCTTCAAGATAAAGC-1,26.386123061276663,5.5084943576760645
SCG0088_CCCAAATAGCGGCTGT-1,27.95227286754557,6.674313920256309
SCG0088_CATAGGTTCGTTTCGC-1,24.888618693139716,5.496436003611599
SCG0093_AAATGCCTCCAAGTGT-1,24.797513437977425,6.415311016600554
SCG0088_TGGAACAAGCCGCTTT-1,26.720243525372762,6.111519065970294
SCG0089_GAATTTGTCGGGCCAT-1,27.806141609728975,6.017655797733942
SCG0093_CTCATCATCGTAATCA-1,28.599267797146613,5.784695926236076
SCG0092_GTCATGCCAGAACCGA-1,29.164852282501386,5.888827493020725
SCG0089_CATTGTGCAAGCGATG-1,28.940988100855588,5.383562436435184
SCG0090_GTTCTTAGTGTGTGGT-1,25.07701155018336,7.380520615328585
SCG0088_GAAGCCTGTTGAAGCC-1,26.964197854933673,5.475189119025411
SCG0088_CATAGGTTCATTGCGG-1,28.616110684024736,5.595127693171498
SCG0089_TTGGCTTGTACCTTAC-1,29.53546507275528,5.480346293141416
SCG0092_ATGAGCCGTGCTTTAC-1,27.678157282164815,5.665876419624951
SCG0091_GGTGTCCAGGCTAAGA-1,29.362201905474443,5.814309595983849
SCG0088_AGTCAAGAGCATGCAT-1,25.802238298598258,6.316448919892624
SCG0093_GTGCTTACACTTACAG-1,25.77483336650817,6.997358461039727
SCG0091_AGTAACACACAATGCC-1,29.073421926518204,5.595449124411611
SCG0090_ATTGCACAGGCGTAAA-1,25.28942893684819,6.023805489945611
SCG0090_GATGCATTCAAATCGC-1,26.401510705007354,6.026928178242066
SCG0091_GATCGATTCTCACATT-1,29.2999924131009,5.723050549517524
SCG0088_GGGCGAATCGCTAAGT-1,26.093981693201652,6.432988269801139
SCG0090_ACATCATCATTGTCAG-1,24.68087222385675,5.777236737873949
SCG0090_GAGGCTTGTAACGAGG-1,28.82975888812845,6.318787190167684
SCG0091_CGTTAGGTCCAGGAAA-1,29.085886965297963,6.2222561510956895
SCG0093_GTTTGTTTCCTCATCA-1,29.306858880497003,5.650366282225382
SCG0089_AGAATCGAGGCTAGAA-1,27.3250454399315,6.209786969159665
SCG0093_GAGTCAAAGGCCTGGT-1,25.893451345774615,5.935336195391296
SCG0090_TTAAGCCAGTTAACCA-1,28.99983918544627,5.936910267978637
SCG0092_GATTACTCAGGCTTCG-1,29.88348933702205,5.420525310447937
SCG0090_CGCCAAATCATCACTT-1,28.510627279012223,5.758328450777248
SCG0089_ACCCTGTTCGAAGTGA-1,27.53208408546024,6.194838290902837
SCG0092_AAGGATGTCGCTATAA-1,29.080439477091648,5.84603583462509
SCG0088_CATCCTCAGCTTGCTC-1,28.028530725052892,5.758008870602628
SCG0088_TGCTTGTGTAATAGCT-1,23.973331457101523,6.24471631671435
SCG0088_TATCGAGGTAATGGCC-1,26.272935055980987,5.897242462873075
SCG0093_GCACCTAAGTAAGTGG-1,27.91535516489398,5.984804140314284
SCG0089_GCAGCCAGTGGAGCAA-1,30.37148626640668,5.979655715772028
SCG0090_CGGGTATGTAGGATTT-1,28.709216530873967,5.512053411372174
SCG0090_GGACCGAAGACTTACA-1,24.561824209817907,6.981222679874649
SCG0090_TAGCGCGGTGAACAAA-1,30.921151342015254,7.102452704642965
SCG0089_CGCTAATAGTTAGACC-1,29.05984100088375,5.895007299941357
SCG0091_TGGTCAAGTCCGTGAG-1,29.33462066747035,5.901216557061857
SCG0092_CGGTGAACATCAGTAT-1,28.52405296862586,5.8297116670827265
SCG0088_GGAGGTTAGGGCCACT-1,28.310375386526328,6.204160757570337
SCG0089_CTAGCTTGTCGCGCAA-1,28.898620933528065,6.125071955419083
SCG0091_AAAGGCTCAATAGCAA-1,28.200879788783393,5.881967226603142
SCG0093_AATCATCCAGTTAGCC-1,26.036163866617567,6.188528774500038
SCG0093_AGGTCTTAGGCTACAT-1,23.796326155706748,6.7007489664042925
SCG0091_GCGGTTGGTTATCCGT-1,29.4550307775321,6.1017580418559065
SCG0092_TGCAGGCTCTATCGCC-1,25.446523057274526,6.313992952367889
SCG0092_CAATGCCCAGGCGATA-1,25.212307547819243,8.03517207463442
SCG0088_CTGCTACTCGCTAGTG-1,27.33864517426577,5.828052963726415
SCG0089_GCCTTAACATGTTGCA-1,24.284545439964923,6.935642628510301
SCG0090_GCGGGTTTCTTTGACT-1,23.49939723529369,6.54319872009664
SCG0091_AGTAACACATGCTTAG-1,29.003256221410194,5.6048665587625175
SCG0093_TTTGAGTCAATGCGCT-1,25.063258512045127,5.670992425859647
SCG0093_CTCATTTAGCATTATG-1,28.9494391251473,5.444065653212346
SCG0090_GGGTGAAGTTTGTGGA-1,29.37048252117892,5.689437660296842
SCG0090_AGCCAGTGTCTAACAG-1,28.805835901383634,5.831566252003532
SCG0092_AACTCACAGGCTTAGT-1,29.994712116031575,5.844840746059871
SCG0089_GCCTGCTGTTTGCAGA-1,23.948041901979707,6.933970607558612
SCG0093_GGATACTTCCTCACTA-1,27.546558828551813,6.287172556011007
SCG0092_GCAAGTCGTGCTTAGA-1,24.604317010023216,7.587715252862722
SCG0090_CCTAAGTAGAAGGTGC-1,29.08700760669445,5.80996974989968
SCG0093_CAAACTGGTTAGACCA-1,29.588585475419766,5.676590410555578
SCG0091_GAGGAGGCATCCTAGA-1,28.215386430909096,6.090238220729405
SCG0091_TACGGATTCAGTGAAG-1,28.02246773343894,5.560041088206399
SCG0092_GACCTTTGTTTAAAGC-1,30.186865994610223,5.702952524266008
SCG0089_TTCAGGTAGAACAAGT-1,27.413104181537797,5.457253920646097
SCG0091_CGATTGAGTTGTTGCT-1,26.400372152979937,6.21765909916339
SCG0090_CAGGTGGAGGTGCGGA-1,29.833454389697042,6.123328739796195
SCG0088_GTATTGCAGGTCCTAG-1,29.608016460892316,5.532061142210675
SCG0088_AACCTTAAGCTGCACA-1,26.059204950764062,6.1522742438848255
SCG0092_CCGTTTGGTCATGCAA-1,27.358014779589627,5.771512609651118
SCG0088_TTGTAAGTCGTAATCA-1,27.83901899247179,5.994768369987211
SCG0088_ATCAGGTTCGCTAAAC-1,26.610000041464907,5.998471697063311
SCG0091_TCGGTTACATAAGTCT-1,29.46644498201394,6.079069046166358
SCG0090_ACGGGAAGTACCTTAC-1,27.998693847633803,5.951140622752662
SCG0092_CTAAAGCTCACGCCAA-1,28.41740750826936,5.742042545417003
SCG0093_AAGTCTATCCACCCTG-1,29.284139779956426,5.849536207052023
SCG0091_CGAGTCGGTGTGTGGT-1,29.259132257874636,5.28201215051908
SCG0092_AGACACGCAAGCTTAT-1,28.065193595364008,5.772531005726456
SCG0090_TTGCACACACCACAAC-1,24.537043378087724,6.296187716998125
SCG0089_GTCATGAGTCATCCTG-1,27.50171406843711,6.14454053213718
SCG0093_AACAAAGGTCAAGTGC-1,30.523980938957898,6.1499991227456245
SCG0089_TCTGTGACAGCAAGGC-1,28.507482902788478,5.9935749277671295
SCG0089_AGCCAGTGTTCATCTA-1,26.254061880917426,6.213715052744706
SCG0093_GCACATTAGACAGGCG-1,26.242062176837102,6.320094672753053
SCG0088_TTAAGTGTCCTAAATG-1,27.92534732091725,5.9497018642807635
SCG0092_GTAGCTGTCACGAATC-1,28.778908264781542,5.914847901864641
SCG0091_TAACCTAAGTTTGGTA-1,30.02504395530024,6.731847170758891
SCG0091_GTGATCAGTTTAACGG-1,24.586165281118333,6.118342982828005
SCG0093_TAGGTTATCCTAAATG-1,25.485193771824658,6.471783829310041
SCG0093_CAACCCTTCCAGGTCA-1,26.3465070750498,5.521213464003174
SCG0090_TCCTTCAAGTTTCCTG-1,25.333935293670987,5.783775528339556
SCG0091_GTAGGCGAGGTCCTGA-1,28.98157820967279,5.8022906958599005
SCG0093_GAGGAGGCAGGTCCTG-1,30.072829492115904,5.560030617218152
SCG0093_GGAGGTTAGTCCTGAG-1,26.112854992135052,7.203612683480914
SCG0092_TAACCGGTCCCTGGTT-1,24.865215057688594,6.8028556962227205
SCG0093_TCTTAGTTCCGGGACT-1,28.997952338171356,5.533442849798569
SCG0093_AGGATTGAGTAGCTTA-1,28.186354687222586,5.624166627387645
SCG0091_GCTCTGTTCTAGCTTT-1,30.24438960870888,5.919113000727793
SCG0092_CTTAAGATCCGCATGA-1,29.269567451697082,5.267302995451229
SCG0088_CTAAAGCTCCCAGTAG-1,25.129092672602486,5.603748814916278
SCG0089_TGTTATGAGCAGGTTT-1,24.862146901131972,5.54082219723591
SCG0089_AGTGATGAGGAACCGG-1,29.510052083260437,5.835015966485339
SCG0092_TTATCCTAGATAAAGC-1,28.670088892263802,5.666558883720887
SCG0090_CAAACATGTCAGGCCA-1,30.023414750720015,5.763206133457234
SCG0090_CGATCCTTCTAGCGTG-1,28.64398697177606,5.7879102081894
SCG0089_TGAGCTTAGGGTCTAT-1,29.3904184851961,5.863133663212052
SCG0093_GCAGGATAGGCGAAAC-1,27.801061040861054,5.582556100144394
SCG0093_CAACTAGGTCCGTGAG-1,26.649264353162902,6.142516286497118
SCG0092_GTAAGGTCACCTCACC-1,28.9000830537657,5.729753106304078
SCG0089_TCTAGCGAGTCCTGAG-1,28.565532521400776,5.697483109277977
SCG0093_CTGTTGGAGTAACGGA-1,28.193397997637067,6.09072746673882
SCG0092_ACGCCACAGCATTAGC-1,23.862864303174145,6.6296748717570555
SCG0088_GTGTTACAGGAACCGG-1,25.481913348749995,6.00635356458171
SCG0091_AAGCATGAGGGTGAAC-1,26.413901680116073,5.828461162444652
SCG0093_TTAAGGACATCCTAGA-1,26.389861633094913,5.804573455326783
SCG0089_CCTTATGTCCCTCAGT-1,28.865570201875936,5.652485750743483
SCG0091_TTGCGAGTCTCACTCA-1,26.918188212092335,6.691471502488715
SCG0093_CTTAAGATCCCTCGCA-1,26.15828138122577,6.085975013314905
SCG0090_CAAGCTAGTTACAAAC-1,26.59602149898161,5.997358082178994
SCG0088_GTAGGCGAGGTGAGAC-1,28.51818673490592,6.2394402702475515
SCG0093_TTACCGTGTGATCAGC-1,28.55391356127726,5.450206747821781
SCG0091_CCCTCATAGGTTTGAC-1,27.606636191124796,6.142537762457152
SCG0091_AGCTCATAGTTCCTCA-1,26.002348552255278,5.479099468008447
SCG0093_CATCATAAGCTCAAAC-1,25.720453683667063,6.379369951724182
SCG0091_TAACAAGCATCGCTCC-1,24.163290915349794,6.431952096219436
SCG0091_ACGCCTAAGGTCAAAG-1,26.14173545459229,5.906477381494827
SCG0093_GCTATAGGTGGATTCA-1,28.20494338247153,5.981879469489432
SCG0090_ACAGGATCAAGCGAGC-1,25.303408425174926,6.008555211344984
SCG0092_TCTTAGTTCCTCACAC-1,28.314264582010008,6.110026866828816
SCG0089_CCCAAACCAATCCCTT-1,30.386553010402444,6.088976883962749
SCG0088_GAGTATCTCTTCAATC-1,29.244777867000984,5.9361382494575
SCG0093_TAGCGGACACTAGGTC-1,29.10337424108265,5.914539725095118
SCG0092_GGCATGGAGTTGGCCA-1,29.09535249841186,5.819827513541765
SCG0092_TGATCACAGGATAAAC-1,28.299547086105463,5.658373410001422
SCG0089_TGATCACAGGCGGATG-1,28.025165362636777,5.772362992897695
SCG0091_TTTACGAAGTCACTCC-1,26.1960573667014,6.219068544200154
SCG0092_TATTAGCCAAATTCGT-1,26.12652267171439,5.891585787718768
SCG0090_CTGTGTGAGAAGCTAG-1,29.41052842726052,5.984489890080506
SCG0093_ACCCAGGGTTAAATGC-1,24.601264174041322,6.82325656119315
SCG0089_CTTAAGATCATCAGTA-1,27.349079698995972,6.025071924824627
SCG0091_GCCTTAACAATTAGGA-1,28.547163378477162,5.6424223109859595
SCG0092_GTCCTAGAGTTAGCTA-1,29.137985160817973,5.855288894292467
SCG0092_ACTTGTCGTTGGTTAG-1,27.263426172261894,6.728399957574099
SCG0090_ATCCGTGAGCATGTTA-1,28.99199559095993,6.368112909246731
SCG0092_CAATGTGGTCATGCAA-1,29.40383587565183,6.141108524382504
SCG0088_TGGACGGAGGCTAGAA-1,26.132254002503036,6.024669923854274
SCG0089_AGTATAGCACTAGCGT-1,27.177400182887848,5.8326595319249765
SCG0093_TGCTTGCTCCGTAAAC-1,25.975264611278977,6.022372053093153
SCG0093_TGAGGGAGTCGCAATA-1,29.036890442591197,6.067430181458339
SCG0093_AAGTTACGTGACCTGG-1,25.542846320868254,5.767004597759664
SCG0093_TGTGTGAGTCATCCTG-1,28.320322890194376,5.95896147522794
SCG0093_GAGTAACCACGTGCTG-1,28.143636335300275,5.869172525736046
SCG0092_ATGTGAGAGGGTTATC-1,25.65803476591584,8.074508887872607
SCG0091_TAATGCATCTCCTCTT-1,28.645978108087547,5.861507260173802
SCG0090_TTAGGCTAGTTATCCT-1,28.675770699832363,5.8398820350193485
SCG0093_TGCATCCTCATTGTCT-1,28.434325413419305,6.013968949375383
SCG0092_CGTGACATCGTTAAGC-1,28.428620423322343,5.888338889475514
SCG0090_TCAGCAAGTCGTTACT-1,28.819618356195804,6.0088418288365615
SCG0091_AATCAGGAGGGCTTTG-1,26.71405725074747,6.238796978505162
SCG0091_TAGCTAGGTACCTTAC-1,27.42128365932239,5.944496259505331
SCG0089_GGTCAATTCATTGACA-1,29.4428032711234,6.0654693972380525
SCG0093_TGCATCCTCACTTCAT-1,24.912239495670313,6.150693945121179
SCG0093_AATCCTAAGAATCTCA-1,28.153587128227265,6.138554855931895
SCG0092_ACCGAAGCATCTTGAG-1,27.912160413362667,5.753009788930949
SCG0091_GGAAGCTAGGAGCAAC-1,28.705925260287728,5.670548907934481
SCG0088_CTCCGTCCAGGCCTTG-1,24.96701882435838,6.181057094416787
SCG0091_GAGTCATTCGATTTGA-1,28.41879265327612,5.634605615938857
SCG0093_GTACTGGTCATCCTAT-1,25.15368674225197,6.676724487633123
SCG0091_CGAAGCCTCCTCACAC-1,26.020813436414237,5.939862096866245
SCG0088_CCTACTTCACGTTACA-1,24.96787990468562,6.148617262748862
SCG0091_TCCGCCATCACGCGGT-1,26.39884209636148,6.042274619646648
SCG0092_AAAGGACGTGTAACCA-1,29.08604240041625,5.928103211774504
SCG0090_CACAGGCTCTTTAGGA-1,29.74492605448439,6.641679318461274
SCG0092_ATAGGTACATCGCTTT-1,28.659806764820644,5.811651142600488
SCG0090_TAACCGGTCCATAATG-1,25.384803804820024,5.6392455346976025
SCG0090_CTTCAGGAGGGTGAAC-1,27.962784950216776,5.8337226442940855
SCG0088_TTCTTAGGTCCTAAGA-1,28.79078461038253,5.695161709991923
SCG0088_GTGGATGCATAGACCC-1,27.78960140412692,5.829730059622522
SCG0091_CAACTAGGTTCCGGGA-1,25.909421652794713,6.664760096291412
SCG0089_CGCATTTGTTATGTGG-1,26.055283718228935,6.155503917207822
SCG0093_GCTTTACGTGACATGC-1,27.104658716342072,7.1828116155732165
SCG0089_GGCTGTCAGCTCCCTG-1,26.517841987503395,6.1195957142677555
SCG0093_CGCTTAACAGTGAACG-1,27.80184693539198,6.041031112396838
SCG0090_GCCACTAAGTGAAGTG-1,29.36029309347308,5.736814139644532
SCG0093_TGATCAATCGCAGGCT-1,29.8810503614048,5.9023773684170635
SCG0093_CTAATCGCATGCAACC-1,29.14197569488882,5.679112395227455
SCG0092_GAAGTGATCATCCTAT-1,25.26838801147224,7.550434699063554
SCG0090_TATGACTCACTAAGTT-1,26.530330228335036,6.03994792231168
SCG0092_CAAACCGTCCACCTGT-1,25.621297776964095,7.04292401596046
SCG0093_GCTAGCCAGAATGACG-1,28.16261713130562,5.8354980805075
SCG0091_CGAACCGGTCAGGCAT-1,30.18447632622755,5.745054455086587
SCG0091_GAAACTGAGGCTGTGC-1,25.7546363058358,6.083895152428771
SCG0088_CAAGCTAGTACCAGGT-1,28.8537083963406,5.7370569702888465
SCG0092_ATCGCTTGTTACAAAC-1,28.15240851420717,6.038678580958789
SCG0093_GGGTGTTGTTGTAAAC-1,27.376643100423536,6.940318450045595
SCG0088_AGCAATACACAAGCCT-1,26.50150926550885,6.248916178893064
SCG0089_GTTGGCGGTAATCCCT-1,29.22828034858154,5.505308487535977
SCG0092_GATTGATGTTCTTTAG-1,28.971505050788476,5.6426631466570205
SCG0093_GCTTGTTGTCATTGTC-1,26.118170639713117,5.923427411733699
SCG0093_CCCGTAAAGGATGATG-1,28.79701330499923,5.69220861602522
SCG0091_GCTAGCCAGATAAAGC-1,28.748882169561227,5.737541403802888
SCG0092_TTATTGCTCGTTAGTA-1,28.216038990859214,6.00258014034467
SCG0093_TCCATCATCCGCTAGA-1,27.88049101410535,6.242286655845523
SCG0091_GAACACAAGGCCTAAT-1,27.018658380280673,5.899939998125286
SCG0091_TGTCAATCATGTTGCA-1,28.67702946609674,6.051602478477002
SCG0092_CGGCTCACATCCCTCA-1,26.17891995863949,6.391316447757213
SCG0090_AACCTAATCGATAACC-1,26.553794226337754,5.890873801738633
SCG0093_AGTGAACCACTATGGC-1,25.27858258009189,7.276033023463753
SCG0092_TCTTCAAGTGACCTGG-1,26.415039503661035,5.96813705070629
SCG0091_ATCACACAGACAGGTA-1,28.01715830258927,6.125601757953784
SCG0091_ATCATCAAGGCTGTCA-1,25.615887552870824,6.145085511817917
SCG0090_GGTGATTTCATGCTAA-1,27.739032478637018,5.8948035262298335
SCG0089_TAATCACCAAACTGTT-1,28.759580084632294,5.774826239632504
SCG0092_CGGTTCCGTTTAGCTC-1,23.868540796265147,5.287590306674806
SCG0088_CCTGGTAAGAGAAGGG-1,24.506816204683805,6.23111596741792
SCG0088_AACTCACAGCTGAGGG-1,28.026813241639,6.186052491675546
SCG0090_TCCTGTTCAACTAGAA-1,26.757106187995767,6.023544186547952
SCG0093_GTTTACCGTTTAGCTC-1,24.94677620956392,6.115479040812756
SCG0093_ATCGGCCAGGACCTCA-1,26.169692830849865,5.926114206396781
SCG0088_TCAAACCAGGGCTTAT-1,28.14861608302665,5.521125383842839
SCG0091_GTTACGTAGGGTTATC-1,27.96627052411565,5.13112946028295
SCG0092_TCGCGAGGTACAAAGA-1,27.705566370345128,5.933409652634532
SCG0090_CTCCGGACAGCAATAA-1,28.767644852270013,5.17809091770201
SCG0088_CAAAGCGCAGACAAAC-1,26.151921000822487,6.168944253501406
SCG0092_GCCAATTAGACTAAGG-1,27.021880978070158,5.779463192705085
SCG0092_CGCGGATTCCTACCTA-1,29.487975858284617,5.745652671254791
SCG0092_TAATGCATCGGTCAAT-1,24.46122821199858,5.672631283983053
SCG0091_CCCGTAAAGCGTGCGT-1,26.905006359165178,6.235624544342775
SCG0088_GAGCATGCACCTATAG-1,28.61329636933382,5.66540756789923
SCG0092_GACTATTCATTAGCCA-1,25.376633886821516,6.552508766102527
SCG0090_CGCAATGTCACCTGTC-1,28.013732810278665,6.0387809993023875
SCG0090_GGGTCACTCTGTGAGT-1,27.930219241903583,6.739991360465832
SCG0093_TAGTAACGTCACAGCG-1,27.019148844085528,6.41403231045249
SCG0088_TGATGACTCTTGTCTG-1,28.80439507349192,6.128296840501231
SCG0088_GGAGGTTAGCCAAATC-1,25.75791871452716,6.416915029236222
SCG0093_ACACTTGCAACAACAA-1,28.79689898862113,5.844667721481123
SCG0091_ACTAATCCAATTTGGT-1,29.303022745887354,5.531536325824731
SCG0093_TGTTAGCAGTAACAGG-1,26.161027500223184,5.628609146890803
SCG0091_CGCTACTTCTTAGGGT-1,27.650159134465788,5.898837470220021
SCG0089_TTTCCACCATAAGCAA-1,29.01960826149976,5.397056189728089
SCG0092_ATGACGAAGGTGAAAT-1,26.268317137112927,5.743898504817805
SCG0092_CCTTTAGTCCCGCCTA-1,28.92064646290776,5.454180150917332
SCG0090_TCCTCACAGGTCCGTA-1,29.41933651372086,5.684519417053603
SCG0093_CTAAGGTTCCGTTAAA-1,28.371566449485062,6.265628526530614
SCG0092_GCAGGACCATTGCAGC-1,29.262313957163457,5.720932371682665
SCG0093_CAATAGCTCTTAATGG-1,28.250001201112518,5.441669757877188
SCG0088_GCACGCTAGGATTGCT-1,25.40593545977522,7.002811420106127
SCG0089_TATCACGCAGCGCTTG-1,29.303034066581766,5.434692256493588
SCG0092_GATCAGTTCGGTTTCC-1,28.676980469797126,6.0214056012067045
SCG0089_AGCATCCCACATTAAC-1,24.991811759127128,6.400093331086359
SCG0091_TATGGTCAGTCAGTAC-1,28.79380095019791,5.780774074817216
SCG0092_TTCACTGTCAATGACC-1,29.263769016000953,5.712406941146958
SCG0092_CTGCAATAGTGAACAG-1,26.567165998703985,5.483405805588327
SCG0091_ACTAACTCAGAGGGAG-1,28.337998720389475,5.65154530853765
SCG0091_TACTTGTTCCATCAGG-1,24.751848000748648,6.625040080992442
SCG0093_GAGTGATCAATGCCTA-1,26.56994236168058,6.152820118024597
SCG0091_AGGATGTCAGGTTACC-1,28.99428334592559,5.560947380464776
SCG0091_AAAGGCTCAGGCTAGA-1,29.044380242708744,5.85900625194303
SCG0089_GAGAAACGTGTTTGCT-1,26.084037323366278,6.676863832855234
SCG0091_GGCGGTAAGAGCCGCT-1,29.255388123413752,5.849119121447016
SCG0093_ACTTACAAGGCGCATC-1,27.150894345538262,5.854749206475936
SCG0093_GCTAATATCGTTACTT-1,28.50477872566369,5.918275465652781
SCG0088_ATCCATAAGGTAGCTT-1,25.63020890215153,6.954857437605865
SCG0092_ATTTGCGCAGAACCGA-1,28.9283202832067,5.6734887885295535
SCG0092_CGTTTGGAGTAACGAG-1,28.96522495798635,5.5977393172333185
SCG0091_TTACAGCAGGTTTGAC-1,29.30234515355892,5.401611394738795
SCG0090_GGCTTCAAGCGAGTAA-1,27.057149943892615,5.413377892389482
SCG0092_AACCTAATCGGGATTT-1,29.996046707227997,5.883397385101931
SCG0093_GCCACAATCATTGCAA-1,28.73951685228739,5.723069124899304
SCG0090_GTGCTCAAGTCACCAG-1,28.717461965138487,6.0410000461237505
SCG0090_TCATTTGGTGTTGCAA-1,28.343408010806165,6.060729061087528
SCG0092_CTTGTAAAGCGCCTTT-1,28.938837698182024,5.848585144217447
SCG0092_GATCGAGCAAGCTACC-1,26.14161707777878,6.052058057145589
SCG0089_AGGGTTGCAGAGAGCC-1,27.014276262538186,6.003229734235283
SCG0089_CAAGGCTGTCGCAAAC-1,24.921600661753924,6.770204176680159
SCG0093_TTTGTGAAGGCATGTT-1,28.469596025893217,5.654427492086979
SCG0090_CAACTAGGTCATTACC-1,24.751979181394603,6.081070049532046
SCG0088_AAGAACAGTTCCTGAT-1,28.980656627918524,5.868416142242877
SCG0091_AAGCTCCCACGTTACA-1,30.527960036787423,6.828536766910908
SCG0093_TAACCTAAGGACCGCT-1,26.230563127650708,5.545558452556234
SCG0093_TTACGTTTCGGGATTT-1,25.101221367116853,6.37699165195086
SCG0092_ATGTTCAAGCTGCACA-1,24.74719908995985,5.842704443876111
SCG0092_CAGGTCCAGCGGGCAA-1,25.265525198998255,6.250214488389423
SCG0090_TCATCCATCAGGGCCT-1,29.531284328720457,5.971514387862003
SCG0093_TACCTTTAGCTCCTAC-1,26.935182007828434,6.444194471702984
SCG0093_CCTAAATCAATTGAGA-1,26.218396231864713,6.091313393416859
SCG0090_TCGCGCACACCCACAG-1,28.47231908191797,5.646807927560226
SCG0093_AGTTGCAGTCCCGAAG-1,27.91229122765718,5.513783206805796
SCG0089_CTACTTAGTTGAGCCG-1,25.13589183950322,6.0648873633248375
SCG0093_TTCAGCACACCTGGTG-1,26.94631001383803,5.993220790995913
SCG0091_AAGCCTCCAAACCTTG-1,27.90463349415881,6.120694593697527
SCG0088_TCGGTTACACCTGGTG-1,26.59462981739128,6.507774977428601
SCG0090_CACTTAAAGTTTGGGT-1,26.34563653555677,6.284623071087087
SCG0088_GCAGCCAGTTTACGTC-1,28.32252331745911,5.796081027567864
SCG0090_ACCAAACTCCTCCTAA-1,28.514505894701564,6.13415727097148
SCG0093_TGAAGTGAGAAGCTAG-1,28.698902757824232,5.644740012644978
SCG0089_TGAGCCGGTAACGGGA-1,26.566293146731944,6.106857537836875
SCG0093_ACTAAAGCACCTGCCT-1,25.131288343600144,5.86936373914089
SCG0091_TAGCATATCATTGACA-1,28.905619054404244,5.583126095020682
SCG0091_ATGTTGTCAACCCTAA-1,28.943009119907515,5.879624241417781
SCG0091_CGAACCGGTACAAAGA-1,29.168070195311717,5.739704688311373
